web-scraper-order,web-scraper-start-url,titoli,link,link-href,descr,autor,date,skill
"1611405697-4098","https://www.udemy.com/courses/finance-and-accounting/?lang=it&p=1&sort=newest&subcategory=Finance&subcategory=Accounting+%26+Bookkeeping","","Trading Online: Corso CompletoItalian Traders AccademyGiacomo CorsiniValutazione: 3,9 su 53,9(9)2 ore totali18 lezioniPrincipiantePrezzo attuale44,99 €","https://www.udemy.com/course/italiantradersaccademy/","DescrizioneCorso completo per neofiti su come investire al meglio sui mercati finanziari in totale sicurezza.Il trading online è un mondo molto complicato che necessita di grandi conoscenze ma sopratutto di tanta pratica. All' interno di queste lezioni troverete quale è la giornata tipo di un trader esperto che porta risultati positivi sia nel breve che nel lungo termine.
A chi è rivolto questo corso:TuttiMostra di piùMostra meno","","Ultimo aggiornamento 4/2020",""
"1611405686-4095","https://www.udemy.com/courses/finance-and-accounting/?lang=it&p=1&sort=newest&subcategory=Finance&subcategory=Accounting+%26+Bookkeeping","","Corso di Gestione dei Costi AziendaliBudget Analisi CostiAdd SkillsValutazione: 3,8 su 53,8(21)3 ore totali13 lezioniPrincipiantePrezzo attuale29,99 €","https://www.udemy.com/course/corso-di-gestione-dei-costi-aziendali/","DescrizioneIl Corso di Gestione dei Costi Aziendali si pone l’obiettivo di fornire le basi teoriche e pratiche per lavorare nella gestione, nell'analisi e nel controllo dei Costi Aziendali.Il corso è strutturato in 5 Sezioni, ognuna composta da: -video-lezioni esplicative;-riassunti in formato pdf scaricabili e stampabili;-1 test di valutazione, per quantificare il livello di apprendimento e comprensione dei contenuti appena affrontati.L’allievo potrà seguire comodamente i filmati dal proprio PC o ascoltarli su qualsiasi riproduttore audio.I video sono inoltre visibili tramite il nostro sito senza scadenza, mentre tutto il resto del materiale comprese le lezioni audio sono interamente visibili durante le lezioni, il tutto una volta effettuato il pagamento.Al termine del percorso, è possibile ricevere l’Attestato di Frequenza, come CORSO DI GESTIONE DEI COSTI AZIENDALI, previo svolgimento dei test di valutazione.A chi è rivolto questo corso:Il corso è destinato a chiunque necessiti di sviluppare nuove competenze nell’ambito.Mostra di piùMostra meno","","Ultimo aggiornamento 2/2020",""
"1611405622-4074","https://www.udemy.com/courses/finance-and-accounting/?lang=it&p=1&sort=newest&subcategory=Finance&subcategory=Accounting+%26+Bookkeeping","Fatturazione elettronica:  Fatture in cloud e Fattura24","","","","","null",""
"1611405622-4073","https://www.udemy.com/courses/finance-and-accounting/?lang=it&p=1&sort=newest&subcategory=Finance&subcategory=Accounting+%26+Bookkeeping","Corso di Gestione dei Costi Aziendali","","","","","null",""
"1611405776-4124","https://www.udemy.com/courses/finance-and-accounting/?lang=it&p=1&sort=newest&subcategory=Finance&subcategory=Accounting+%26+Bookkeeping","","Investire in Borsa-Prendi in mano il tuo futuro finanziarioCome investire in borsa con sicurezza e alti rendimentiMatteo RocchiValutazione: 4,3 su 54,3(26)6,5 ore totali54 lezioniTutti i livelliPrezzo attuale129,99 €Nuovo e in evidenza","https://www.udemy.com/course/investire-in-borsa-prendi-in-mano-il-tuo-futuro-finanziario/","","","Ultimo aggiornamento 1/2021","Cosa impareraiCome investire nei mercati finanziari durante qualsiasi condizione di mercatoDove e come acquistare e vendere strumenti di investimentoL'ottava meraviglia del mondoBen 4 casi studio reali con i codici identificativi che abbiamo scelto per tePillole mensili sui migliori titoli in crescita e aggiornamenti del mercato in tempo reale(con mail dettagliata)BONUS:Newsletter mensile via mail sui titoli più caldi del momentoLa giusta Asset Allocation per diversi Capitali (da 1000€, 10.000€, 100.000€ a 1 Milione di €uro)Imparare ad investire in ETFImparare a riconoscere le Growth Stocks, le aziende con il più alto potenziale di crescitaImparare ad investire in grandi aziende che pagano Dividendi AzionariInvestire in REITInvestire in Beni RifugioMostra di piùMostra meno"
"1611405614-4060","https://www.udemy.com/courses/finance-and-accounting/?lang=it&p=2&sort=newest&subcategory=Finance&subcategory=Accounting+%26+Bookkeeping","","La costruzione del budget di una proposta comunitariaUna Guida semplice e strutturata alla costruzione del budget di una proposta comunitaria con un esempio praticoRaniero ChelliValutazione: 4,7 su 54,7(2)1 ora totale5 lezioniIntermedio","https://www.udemy.com/course/la-costruzione-del-budget-di-una-proposta-comunitaria/","Descrizione In questo breve modulo di approfondimento in materia di Europrogettazione si insegna a costruire il budget di una proposta di progetto comunitario. Si utilizza la terminologia tipica della europrogettazione, si suppone che i discenti conoscano il significato di termini quali Work Package e costi ammissibili.   Il corso di compone di 5 lezioni costituite da slides commentate in voce, e vengono fornite le slides utilizzate.   La prima parte descrive i costi ammissibili iniziando con la descrizione dettagliata dei costi di personale, si passa poi alle altre categorie di costo e alla illustrazione dei vari modelli di calcolo dei costi totali. Nell’ultima parte viene eseguita la simulazione della costruzione del budget di una proposta mostrando un esempio pratico su Excel. A chi è rivolto questo corso:Il corso si rivolge a chi ha già una conoscenza di base dei programmi comunitari ma non ha mai elaborato un budget di progettoMostra di piùMostra meno","","Ultimo aggiornamento 2/2015",""
"1611405784-4126","https://www.udemy.com/courses/finance-and-accounting/?lang=it&p=1&sort=newest&subcategory=Finance&subcategory=Accounting+%26+Bookkeeping","","Corso completo sul risparmio efficace con CertificatoImpara a gestire e far fruttare le tue finanze!Ilaria PolisinoValutazione: 5,0 su 55,0(2)1,5 ore totali20 lezioniPrincipiantePrezzo attuale119,99 €Nuovo","https://www.udemy.com/course/corso-completo-sul-risparmio-efficace-con-certificato/","","Ilaria Polisino","Pubblicato 1/2021",""
"1611405645-4083","https://www.udemy.com/courses/finance-and-accounting/?lang=it&p=1&sort=newest&subcategory=Finance&subcategory=Accounting+%26+Bookkeeping","","Corso per Impiegato ContabileBasi pratiche con il gestionale SimplyFattAdd SkillsValutazione: 3,0 su 53,0(28)2 ore totali5 lezioniPrincipiantePrezzo attuale29,99 €","https://www.udemy.com/course/corso-per-impiegato-contabile/","","Add Skills","Ultimo aggiornamento 7/2019",""
"1611405752-4118","https://www.udemy.com/courses/finance-and-accounting/?lang=it&p=1&sort=newest&subcategory=Finance&subcategory=Accounting+%26+Bookkeeping","","Corso sull'IVA - BASEImpara a conoscere tutti i dettagli dell'IVA!Add SkillsValutazione: 4,5 su 54,5(4)3 ore totali15 lezioniPrincipiantePrezzo attuale39,99 €","https://www.udemy.com/course/corso-sulliva-base/","","","Ultimo aggiornamento 11/2020","Cosa impareraiImpareranno a conoscere tutti i dettagli sull'IVA che gli permettono di poter lavorare nel mondo della contabilità."
"1611405731-4108","https://www.udemy.com/courses/finance-and-accounting/?lang=it&p=1&sort=newest&subcategory=Finance&subcategory=Accounting+%26+Bookkeeping","","Come GUADAGNARE BITCOIN o BAT GRATIS: Corso Completo ITAGuadagna e Proteggiti Da Tracker, Script e Logger Mentre Navighi Su Internet. Risparmia Anche Batteria In AutomaticoVideoRipetizioni | Leonardo Ok ™Valutazione: 4,5 su 54,5(36)2 ore totali26 lezioniTutti i livelliPrezzo attuale129,99 €","https://www.udemy.com/course/guadagna-con-brave-browser-corso-completo-in-italiano-videoripetizioni/","","VideoRipetizioni | Leonardo Ok ™","Ultimo aggiornamento 12/2020",""
"1611405737-4110","https://www.udemy.com/courses/finance-and-accounting/?lang=it&p=1&sort=newest&subcategory=Finance&subcategory=Accounting+%26+Bookkeeping","","Excel per la FinanzaAnalizza strumenti finanziari e crea il tuo portafoglio Azionario efficiente con ExcelGianluca PontoniValutazione: 4,5 su 54,5(44)3 ore totali26 lezioniPrincipiantePrezzo attuale39,99 €","https://www.udemy.com/course/excel-per-la-finanza/","DescrizioneIl corso ha lo scopo principale di insegnarti ad usare Excel per applicazioni finanziarie adatte a qualsiasi esigenza.Il corso è rivolto sia a studenti che non sanno usare Excel, sia a persone che hanno già familiarità con il software.Una volta terminato il corso sarai autonomo per:Scaricare ed analizzare serie storiche relative a strumenti finanziari Effettuare migliaia di calcoli in pochissimi secondiManipolare con facilità i dati e costruire i propri programmi in modo sempliceCalcolare statistiche di base come correlazione, rischiosità di un titolo, Beta, etc..Costruire un portafoglio Azionario efficiente Analizzare titoli ObbligazionariCalcolare la probabilità dei prezzi futuri azionariIn ogni lezione del corso è anche compreso un ripasso dei concetti finanziari trattati, e per qualsiasi necessità o problema è stato anche creato un gruppo Telegram per poter fornire un rapido aiuto. Il corso inoltre verrà aggiornato ogni 4 mesi con lezioni nuove, costruite sulla base delle vostre richieste.Imparare Excel per la Finanza è davvero facile!A chi è rivolto questo corso:Persone che vogliono imparare a costruire un portafoglio azionario efficientePersone che vogliono imparare a fare analisi su strumenti finanziariPersone che vogliono autonomia nella costruzione di programmi per applicazioni finanziarie adatte alle loro esigenzePersone che vogliono dare un'applicazione pratica alle formule che descrivono il mondo della finanzaPersone che vogliono migliorare il proprio curriculum, potendo vantare conoscenze intermedie nell'analisi di dati finanziariMostra di piùMostra meno","","Ultimo aggiornamento 12/2020",""
"1611405651-4085","https://www.udemy.com/courses/finance-and-accounting/?lang=it&p=1&sort=newest&subcategory=Finance&subcategory=Accounting+%26+Bookkeeping","","Ottieni prodotti Amazon completamente gratis, corso praticoCorso che ti insegnerà come ottenere migliaia di prodotti Amazon Prime in maniera del tutto gratuita! Successo garantitoEcualotto Software e Video, Massimiliano AlfieriValutazione: 4,7 su 54,7(306)4 ore totali20 lezioniTutti i livelliPrezzo attuale44,99 €Best seller","https://www.udemy.com/course/ottieni-prodotti-amazon-completamente-gratis-corso-pratico/","DescrizioneSi hai capito bene... si possono ottenere migliaia di prodotti Amazon Prime in maniera del tutto gratuita, non dovrai nemmeno pagare le spese di spedizione!Impossibile? Mettimi alla prova... sfido chiunque a smentirmi!Anzi ti dirò di più... addirittura in certi casi verrai pagato alcuni euro solo per aver accettato il prodotto gratuito... e non sto scherzando!Ora penserai ""si ma saranno prodotti che valgono poco""... un proiettore Amazon Choice da 150 euro per te è poco? E' ciò che ho ottenuto io giusto in questi giorni... assieme a un flauto traverso, una levigatrice professionale, un microfono usb professionale e molto altro!Se ancora hai dei dubbi ti invito ad iscriverti senza timori, se penserai che ti ho mentito e non è vero quello che ti sto dicendo potrai sempre richiedere un rimborso totale per quanto hai speso per il corso... ma ti assicuro (e ci metto la mano sul fuoco) che non lo dovrai fare, anzi posso tranquillamente dirti che potrai ripagarti il costo del corso già dal primo giorno...Ancora non mi credi? Beh che dire... hai perso un'occasione unica... ;)Ci vediamo in classe!A chi è rivolto questo corso:Chiunque voglia ottenere oggetti belli e costosi in maniera del tutto gratuitaLe persone aperte a nuove ed incredibili opportunitàMostra di piùMostra meno","","Ultimo aggiornamento 11/2020",""
"1611405622-4064","https://www.udemy.com/courses/finance-and-accounting/?lang=it&p=1&sort=newest&subcategory=Finance&subcategory=Accounting+%26+Bookkeeping","Investire in Borsa-Prendi in mano il tuo futuro finanziario","","","","","null",""
"1611405763-4120","https://www.udemy.com/courses/finance-and-accounting/?lang=it&p=1&sort=newest&subcategory=Finance&subcategory=Accounting+%26+Bookkeeping","","Guida alla lettura dei bilanciImparare a leggere gli schemi di bilancioMarco VerganiValutazione: 4,0 su 54,0(1)1,5 ore totali12 lezioniPrincipiantePrezzo attuale19,99 €Nuovo e in evidenza","https://www.udemy.com/course/guida-alla-lettura-dei-bilanci/","","Marco Vergani","Ultimo aggiornamento 11/2020",""
"1611405686-4097","https://www.udemy.com/courses/finance-and-accounting/?lang=it&p=1&sort=newest&subcategory=Finance&subcategory=Accounting+%26+Bookkeeping","","Corso di Gestione dei Costi AziendaliBudget Analisi CostiAdd SkillsValutazione: 3,8 su 53,8(21)3 ore totali13 lezioniPrincipiantePrezzo attuale29,99 €","https://www.udemy.com/course/corso-di-gestione-dei-costi-aziendali/","","","Ultimo aggiornamento 2/2020","Cosa impareraiSaper controllare i costi di produzione per ridurli;Dare una conoscenza chiara e precisa delle tecniche di budget e controllo di gestione;Preparare all’impiego efficace di tali tecniche in modo che siano effettivamente utilizzate a tutti i livelli di responsabilità;Mettere in evidenza le cause di difetti tecnici."
"1611405697-4100","https://www.udemy.com/courses/finance-and-accounting/?lang=it&p=1&sort=newest&subcategory=Finance&subcategory=Accounting+%26+Bookkeeping","","Trading Online: Corso CompletoItalian Traders AccademyGiacomo CorsiniValutazione: 3,9 su 53,9(9)2 ore totali18 lezioniPrincipiantePrezzo attuale44,99 €","https://www.udemy.com/course/italiantradersaccademy/","","","Ultimo aggiornamento 4/2020","Cosa impareraiInvestimenti Finanziari a basso rischio"
"1611405708-4102","https://www.udemy.com/courses/finance-and-accounting/?lang=it&p=1&sort=newest&subcategory=Finance&subcategory=Accounting+%26+Bookkeeping","","Trading sulle materie prime come i grandi Hedge FundL'utilizzo di un Vantaggio Statistico per ricavare profitto sul trading con le materie primeAlessio BattaglieroValutazione: 3,0 su 53,0(1)5,5 ore totali27 lezioniIntermedioPrezzo attuale29,99 €","https://www.udemy.com/course/trading-sulle-materie-prime-come-i-grandi-hedge-fund/","","Alessio Battagliero","Ultimo aggiornamento 4/2020",""
"1611405651-4088","https://www.udemy.com/courses/finance-and-accounting/?lang=it&p=1&sort=newest&subcategory=Finance&subcategory=Accounting+%26+Bookkeeping","","Ottieni prodotti Amazon completamente gratis, corso praticoCorso che ti insegnerà come ottenere migliaia di prodotti Amazon Prime in maniera del tutto gratuita! Successo garantitoEcualotto Software e Video, Massimiliano AlfieriValutazione: 4,7 su 54,7(306)4 ore totali20 lezioniTutti i livelliPrezzo attuale44,99 €Best seller","https://www.udemy.com/course/ottieni-prodotti-amazon-completamente-gratis-corso-pratico/","","","Ultimo aggiornamento 11/2020","Cosa impareraiA ricevere migliaia di prodotti Amazon Prime in maniera del tutto gratuitaA saper gestire questa attività senza problemi e senza commettere errori banaliAd ottenere tanti oggetti utili e costosi a costo ""0"""
"1611405662-4089","https://www.udemy.com/courses/finance-and-accounting/?lang=it&p=1&sort=newest&subcategory=Finance&subcategory=Accounting+%26+Bookkeeping","","Leggere e Analizzare un BilancioImpara a leggere e analizzare un bilancio per valutare la solidità di un'aziendaGianluca SidotiValutazione: 3,7 su 53,7(119)3,5 ore totali17 lezioniTutti i livelliPrezzo attuale49,99 €","https://www.udemy.com/course/lettura-e-analisi-di-bilancio/","DescrizioneGuida pratica per l'investitore (ma adatto anche a studenti, imprenditori o a tutti gli appassionati di finanza) nell’interpretazione dei bilanci delle società.Il Corso nasce dalla consapevolezza di quanto sia importante per l’investitore saper analizzare i dati finanziari di una società per poter compiere le proprie scelte di investimento in maniera efficace e ponderata.Contrariamente a quanto si è portati a credere, l’analisi dei dati finanziari di una società non richiede necessariamente il conseguimento di un titolo accademico o un alto quoziente intellettivo.La maggior parte dei testi disponibili sul mercato, tuttavia, essendo destinata alla formazione accademica e professionale utilizza una terminologia complessa, adatta agli addetti ai lavori, ma spesso di difficile comprensione per il profano.Qual è quindi lo scopo di questo Corso? Aiutarti a comprendere con un linguaggio semplice ed immediato le relazioni finanziarie delle società quotate in Italia e all’estero e a focalizzare l’attenzione sugli elementi chiave dei report societari in un'ottica di investimento.La terminologia adottata è volutamente semplificata, priva di tecnicismi, al fine di rendere questi temi accessibili e comprensibili anche al profano e di conferire al contenuto del Corso un taglio estremamente pratico per il lettore.L’attenzione viene focalizzata sugli aspetti del bilancio maggiormente rivelatori dell’andamento della società e del suo stato economico finanziario. Di converso, saranno tralasciati gli aspetti più tecnici e contabili meno rilevanti nell’ottica dell’investitore.In un mondo globale e con piattaforme online che ormai ti permettono di operare su quasi tutti i mercati mondiali, risulta riduttivo limitarsi al mercato italiano. L’investitore intelligente deve essere in grado di analizzare e comprendere i report delle società europee e americane per poi scegliere, di volta in volta, le migliori opportunità di investimento in un dato momento.Saper analizzare i dati di bilancio ti consente di farti un tua opinione sull’andamento della società e sull’opportunità o meno di investirci. L’analisi dei report delle società rappresenta per l’investitore il fondamento da cui partire per effettuare scelte di investimento ragionate che ti permetteranno di essere confidente nelle tue decisioni senza aver timore delle fluttuazioni del mercato.A chi è rivolto questo corso:Appassionati di finanzaInvestitori e TradersStudenti universitariImprenditoriMostra di piùMostra meno","","Ultimo aggiornamento 11/2020",""
"1611405719-4105","https://www.udemy.com/courses/finance-and-accounting/?lang=it&p=1&sort=newest&subcategory=Finance&subcategory=Accounting+%26+Bookkeeping","","Addomesticare le Proprie FinanzeCome sono passato da squattrinato a risparmiatore seriale.Salvatore PapaleValutazione: 3,9 su 53,9(13)3 ore totali41 lezioniPrincipiantePrezzo attuale99,99 €","https://www.udemy.com/course/addomesticare-le-proprie-finanze/","","Salvatore Papale","Ultimo aggiornamento 10/2020",""
"1611405622-4063","https://www.udemy.com/courses/finance-and-accounting/?lang=it&p=1&sort=newest&subcategory=Finance&subcategory=Accounting+%26+Bookkeeping","Corso completo sul risparmio efficace con Certificato","","","","","null",""
"1611405708-4101","https://www.udemy.com/courses/finance-and-accounting/?lang=it&p=1&sort=newest&subcategory=Finance&subcategory=Accounting+%26+Bookkeeping","","Trading sulle materie prime come i grandi Hedge FundL'utilizzo di un Vantaggio Statistico per ricavare profitto sul trading con le materie primeAlessio BattaglieroValutazione: 3,0 su 53,0(1)5,5 ore totali27 lezioniIntermedioPrezzo attuale29,99 €","https://www.udemy.com/course/trading-sulle-materie-prime-come-i-grandi-hedge-fund/","DescrizioneQuesto corso racchiude una strategia operativa e pratica utilizzando da molti Hedge Fund per operare sul mercato delle commodities (materie prime), l'insegnante vuole mettere a disposizione grazie alle piattaforma Udemy informazioni di alto livello ad un prezzo incredibilmente ridotto per estinguere il gap informativo che esiste in questo campo. Questo corso abbatte tutte le barriere e permette a chiunque, dopo l'opportuno studio, di operare sui mercati regolamentati come un professionista.Il corso è diviso in 4 principali macro categorie:1) La teoria di base per porre gli studenti allo stesso livello, i principianti hanno modo di allinearsi con gli studenti più avanzati2) Una guida operativa, in cui andranno insegnate le principali regole di mercato e andremo ad analizzare la piattaforma3) Analisi operativa in cui si andraà studiare le tecniche di analisi che ci serviranno per la strategia4) La strategia, parte centrale del corso : qui gli studenti andranno a mettere insieme i pezzi del puzzle dei primi tre capitoli e delineeremo la strategia operativa utilizzata dagl'Hedge Fund.A chi è rivolto questo corso:Persone che vogliono cominciare l'attività di trading e investimento in modo professionaleMostra di piùMostra meno","","Ultimo aggiornamento 4/2020",""
"1611405603-4059","https://www.udemy.com/courses/finance-and-accounting/?lang=it&p=2&sort=newest&subcategory=Finance&subcategory=Accounting+%26+Bookkeeping","La costruzione del budget di una proposta comunitaria","","","","","null",""
"1611405622-4069","https://www.udemy.com/courses/finance-and-accounting/?lang=it&p=1&sort=newest&subcategory=Finance&subcategory=Accounting+%26+Bookkeeping","Come GUADAGNARE BITCOIN o BAT GRATIS: Corso Completo ITA","","","","","null",""
"1611405737-4111","https://www.udemy.com/courses/finance-and-accounting/?lang=it&p=1&sort=newest&subcategory=Finance&subcategory=Accounting+%26+Bookkeeping","","Excel per la FinanzaAnalizza strumenti finanziari e crea il tuo portafoglio Azionario efficiente con ExcelGianluca PontoniValutazione: 4,5 su 54,5(44)3 ore totali26 lezioniPrincipiantePrezzo attuale39,99 €","https://www.udemy.com/course/excel-per-la-finanza/","","Gianluca Pontoni","Ultimo aggiornamento 12/2020",""
"1611405763-4121","https://www.udemy.com/courses/finance-and-accounting/?lang=it&p=1&sort=newest&subcategory=Finance&subcategory=Accounting+%26+Bookkeeping","","Guida alla lettura dei bilanciImparare a leggere gli schemi di bilancioMarco VerganiValutazione: 4,0 su 54,0(1)1,5 ore totali12 lezioniPrincipiantePrezzo attuale19,99 €Nuovo e in evidenza","https://www.udemy.com/course/guida-alla-lettura-dei-bilanci/","","","Ultimo aggiornamento 11/2020","Cosa impareraiApprendere le regole base della contabilitàComprendere i concetti di esercizio e competenza economicaLeggere ed interpretare ad un livello base gli schemi di bilancioConoscere gli strumenti base dell'analisi finanziaria"
"1611405622-4071","https://www.udemy.com/courses/finance-and-accounting/?lang=it&p=1&sort=newest&subcategory=Finance&subcategory=Accounting+%26+Bookkeeping","Trading sulle materie prime come i grandi Hedge Fund","","","","","null",""
"1611405763-4119","https://www.udemy.com/courses/finance-and-accounting/?lang=it&p=1&sort=newest&subcategory=Finance&subcategory=Accounting+%26+Bookkeeping","","Guida alla lettura dei bilanciImparare a leggere gli schemi di bilancioMarco VerganiValutazione: 4,0 su 54,0(1)1,5 ore totali12 lezioniPrincipiantePrezzo attuale19,99 €Nuovo e in evidenza","https://www.udemy.com/course/guida-alla-lettura-dei-bilanci/","DescrizioneQuesto corso è una introduzione alla lettura del bilancio di esercizio. Studiato apposta per risultare chiaro e accessibile anche ai non esperti, vi guiderà passo dopo passo per insegnarvi a leggere e a interpretare tutti gli elementi chiave di un bilancio d'esercizio. Il livello di approfondimento è più che sufficiente per tutti coloro che non devono maneggiare quotidianamente bilanci e conoscere a memoria tutti gli indici, ma vogliono capire come funziona un bilancio, come è articolato e quali sono gli aggregati principali. Il linguaggio è tecnico ma comprensibile anche senza essere un esperto, con molti esempi che alleggeriscono lo studio.A chi è rivolto questo corso:Chiunque voglia apprendere i principi base della contabilità e imparare a leggere il bilancio di un'impresaMostra di piùMostra meno","","Ultimo aggiornamento 11/2020",""
"1611405731-4107","https://www.udemy.com/courses/finance-and-accounting/?lang=it&p=1&sort=newest&subcategory=Finance&subcategory=Accounting+%26+Bookkeeping","","Come GUADAGNARE BITCOIN o BAT GRATIS: Corso Completo ITAGuadagna e Proteggiti Da Tracker, Script e Logger Mentre Navighi Su Internet. Risparmia Anche Batteria In AutomaticoVideoRipetizioni | Leonardo Ok ™Valutazione: 4,5 su 54,5(36)2 ore totali26 lezioniTutti i livelliPrezzo attuale129,99 €","https://www.udemy.com/course/guadagna-con-brave-browser-corso-completo-in-italiano-videoripetizioni/","DescrizioneConosci BrendanEich l'inventore di Javascript? Ha partorito un'altra bomba dal suo cilindro: Brave Browser.Guadagna in Internet col nuovo software gratuito, mentre sei anche protetto da Script malevoli, tracker e altre trappole.""Si, vabbè Leonà, sarà illegale? Dov'è la fregatura? "" forse starai pensando...Tutto alla luce del sole: questo software sta spaccando internet! E' dirompente perché prende il progetto open source Chromium (Chrome di Google per capirci) e lo ri-elabora distribuendo i soldi ricavati dagli ad tra navigatori della rete e creatori di contenuti.Con dei criteri ben precisi che ti spiego dentro questo breve e potente corso in offerta.Te la faccio corta: all'inizio di ogni mese (il 7 per essere precisi) ti ritroverai con tanti soldini in tasca nel tuo wallet senza neanche accorgertene.Nessun inganno: non diventerai ricco miliardario ma potrai decidere se ritirare i soldi guadagnati, convertirli in BITCOIN o altro a tua scelta.Potrai godere i tuoi soldi per toglierti qualche sfizio.Oppure potrai entrare a far parte della banda di matti che sta creando il panico ai ""vecchi snob"" di internet! Potrai anche inviare mance (tip) direttamente ai tuoi creatori di contenuti preferiti, per aiutarli a portare avanti i loro progetti.Videoripetizioni è Brave Creator per esempio: ci ho creduto da subito in questo pazzo sogno che ti confesso sta funzionando sempre meglio.Che aspetti? Sei dei nostri adesso per poter dire ""io c'ero perché ero uno dei primi..."" o aspetterai che diventi mania dilagante?Fa attenzione, NON rimandare perché quando lo useranno tutti forse si guadagnerà meno di ora...
P.S. All'interno del corso troverai anche un Bonus Gratis di 5$ finché dura: un regalo di benvenuto che ti permetterà anche di ammortizzare da subito la ridicola cifra di questo corso.Ti sembra troppo bello per essere vero? Non perderti questa opportunità ancora nascosta ai tanti!Iscriviti e poi dimostrami che mi sbaglio!

A chi è rivolto questo corso:Chiunque Voglia Imparare A Sfruttare Brave Browser Al MassimoMostra di piùMostra meno","","Ultimo aggiornamento 12/2020",""
"1611405662-4091","https://www.udemy.com/courses/finance-and-accounting/?lang=it&p=1&sort=newest&subcategory=Finance&subcategory=Accounting+%26+Bookkeeping","","Leggere e Analizzare un BilancioImpara a leggere e analizzare un bilancio per valutare la solidità di un'aziendaGianluca SidotiValutazione: 3,7 su 53,7(119)3,5 ore totali17 lezioniTutti i livelliPrezzo attuale49,99 €","https://www.udemy.com/course/lettura-e-analisi-di-bilancio/","","","Ultimo aggiornamento 11/2020","Cosa impareraiLeggere e analizzare un Bilancio d'esercizioAnalizzare la solidità di un'aziendaRiconoscere le migliori opportunità d'investimentoMigliorare la redditività della loro impresa"
"1611405752-4116","https://www.udemy.com/courses/finance-and-accounting/?lang=it&p=1&sort=newest&subcategory=Finance&subcategory=Accounting+%26+Bookkeeping","","Corso sull'IVA - BASEImpara a conoscere tutti i dettagli dell'IVA!Add SkillsValutazione: 4,5 su 54,5(4)3 ore totali15 lezioniPrincipiantePrezzo attuale39,99 €","https://www.udemy.com/course/corso-sulliva-base/","DescrizioneIl Corso sull'IVA (Base) si pone l’obiettivo di fornire le basi teoriche e pratiche per lavorare nel mondo della contabilità e della fatturazione.Il corso è strutturato in 15 Sezioni, ognuna composta da: -1 video-lezioni esplicativa;-1 riassunto in formato pdf scaricabili e stampabili;-4 test di valutazione, per quantificare il livello di apprendimento e comprensione dei contenuti appena affrontati.L’allievo potrà seguire comodamente i filmati dal proprio PC o ascoltarli su qualsiasi riproduttore audio.I video sono inoltre visibili tramite il nostro Portale senza scadenza, mentre tutto il resto del materiale comprese le lezioni audio sono interamente visibili durante le lezioni, il tutto una volta effettuato il pagamento.Al termine del percorso, è possibile ricevere l’Attestato di Frequenza, come CORSO SULL'IVA, previo svolgimento dei test di valutazione.A chi è rivolto questo corso:Il Corso è rivolto a tutti coloro abbiano la necessità o la curiosità di conoscere nel dettaglio l'IVA per gestire fatturazione, importazioni, esportazioni etc...Mostra di piùMostra meno","","Ultimo aggiornamento 11/2020",""
"1611405719-4104","https://www.udemy.com/courses/finance-and-accounting/?lang=it&p=1&sort=newest&subcategory=Finance&subcategory=Accounting+%26+Bookkeeping","","Addomesticare le Proprie FinanzeCome sono passato da squattrinato a risparmiatore seriale.Salvatore PapaleValutazione: 3,9 su 53,9(13)3 ore totali41 lezioniPrincipiantePrezzo attuale99,99 €","https://www.udemy.com/course/addomesticare-le-proprie-finanze/","DescrizioneSe sei un ESPERTO e non hai problemi finanziari personali, di nessun tipo NON comprare questo corso! Se puoi comprare tutto quello che vuoi, hai un fondo pensione invidiabile, un lavoro che ti tiene poco impegnato, hai dei risparmi per fare studiare i tuoi figli, un salvadanaio per le emergenze che sta scoppiando... allora non hai bisogno di conoscere le informazioni contenute in questo corso. INVECE...Se hai un lavoro (o sei disoccupato) e non riesci ad arrivare a fine mese, questo corso potrà farti capire dove finisce il frutto del tuo lavoro e dei tuoi sacrifici. Se hai sempre desiderato, avere un fondo per le emergenze, uno per le vacanze e capire come gestire al meglio anche le piccole somme...questo corso fa al caso tuo!Imparerai a pensare come pensano i ricchi e capirai la differenza tra te e loro. ""Non conta quanto guadagni, conta quanti soldi ti restano in tasca"" (cit)Anche io pensavo erroneamente, che la possibilità di vivere bene (economicamente parlando) dipendesse dai numeri in fondo alla mia busta paga. Mi sono accorto che anche il migliore degli stipendi fissi non serve a nulla se non si sanno gestire le proprie risorse. 
Ecco perché una volta imparato, anni fa, come uscire la tunnel che mi stava risucchiando, ho deciso di mettere a disposizione quello che ho imparato. INFATTI...Questo é il metodo che mi ha permesso di mettere da parte in tre mesi  la cifra che mi é servita per trasferirmi in Inghilterra e successivamente, conservare regolarmente, una sostanziosa parte dei miei guadagni ogni mese. Non sono un contabile e nemmeno un ragioniere. Sono ""soltanto"" un disegnatore che ha avuto una sberla dal destino che mi ha mortificato e messo di fronte alla verità. Da quel momento ho iniziato a studiare e a mettere in pratica tutto quello che ho imparato leggendo decine di libri. Ascoltando oltre 260 ore di audiolibri di business e finanza personale e prendendo parte a corsi che si pagano con cifre con tre zeri finali. Se seguirai e metterai in pratica le indicazioni che ti darò, passerai da ""struzzo"" a risparmiatore consapevole. 
A chi è rivolto questo corso:Tutti quelli che hanno avuto problemi con la gestione dei propri guadagniChiunque non arrivi ""alla fine del mese""Studenti che vogliono avere un budget per le vacanzeProfessionisti che devono far quadrare i conti personali e professionaliLaureati che si sono ritrovati senza lavoroArtisti che non riescono a capire perché sono sempre al verdeLiberi professionisti che stanno iniziando la loro carriera da freelanceChi vuole andare a vivere da solo e smettere di domandare sostegno ai propri genitoriLavoratori italiani all'esteroMostra di piùMostra meno","","Ultimo aggiornamento 10/2020",""
"1611405697-4099","https://www.udemy.com/courses/finance-and-accounting/?lang=it&p=1&sort=newest&subcategory=Finance&subcategory=Accounting+%26+Bookkeeping","","Trading Online: Corso CompletoItalian Traders AccademyGiacomo CorsiniValutazione: 3,9 su 53,9(9)2 ore totali18 lezioniPrincipiantePrezzo attuale44,99 €","https://www.udemy.com/course/italiantradersaccademy/","","Giacomo Corsini","Ultimo aggiornamento 4/2020",""
"1611405622-4068","https://www.udemy.com/courses/finance-and-accounting/?lang=it&p=1&sort=newest&subcategory=Finance&subcategory=Accounting+%26+Bookkeeping","Excel per la Finanza","","","","","null",""
"1611405614-4061","https://www.udemy.com/courses/finance-and-accounting/?lang=it&p=2&sort=newest&subcategory=Finance&subcategory=Accounting+%26+Bookkeeping","","La costruzione del budget di una proposta comunitariaUna Guida semplice e strutturata alla costruzione del budget di una proposta comunitaria con un esempio praticoRaniero ChelliValutazione: 4,7 su 54,7(2)1 ora totale5 lezioniIntermedio","https://www.udemy.com/course/la-costruzione-del-budget-di-una-proposta-comunitaria/","","Raniero Chelli","Ultimo aggiornamento 2/2015",""
"1611405686-4096","https://www.udemy.com/courses/finance-and-accounting/?lang=it&p=1&sort=newest&subcategory=Finance&subcategory=Accounting+%26+Bookkeeping","","Corso di Gestione dei Costi AziendaliBudget Analisi CostiAdd SkillsValutazione: 3,8 su 53,8(21)3 ore totali13 lezioniPrincipiantePrezzo attuale29,99 €","https://www.udemy.com/course/corso-di-gestione-dei-costi-aziendali/","","Add Skills","Ultimo aggiornamento 2/2020",""
"1611405645-4082","https://www.udemy.com/courses/finance-and-accounting/?lang=it&p=1&sort=newest&subcategory=Finance&subcategory=Accounting+%26+Bookkeeping","","Corso per Impiegato ContabileBasi pratiche con il gestionale SimplyFattAdd SkillsValutazione: 3,0 su 53,0(28)2 ore totali5 lezioniPrincipiantePrezzo attuale29,99 €","https://www.udemy.com/course/corso-per-impiegato-contabile/","DescrizioneIl corso per Impiegato Contabile si pone l’obiettivo di fornire le basi pratiche per lavorare nell’amministrazione del personale. Si definisce un ""corso pratico"", in quanto tutta la seconda sezione sarà dedicata all'utilizzo del gestionale SimplyFATT. Imparerai a inserire nuovi clienti e fornitori e ad emettere fatture.Il corso è strutturato in 2 Sezioni, una teorica e una pratica, ognuna composta da: -video-lezioni esplicative;-riassunti in formato pdf scaricabili e stampabili;-1 test di valutazione, per quantificare il livello di apprendimento e comprensione dei contenuti appena affrontati.L’allievo potrà seguire comodamente i filmati dal proprio PC o ascoltarli su qualsiasi riproduttore audio.I video sono inoltre visibili tramite il nostro sito senza scadenza, mentre tutto il resto del materiale comprese le lezioni audio sono interamente visibili durante le lezioni, il tutto una volta effettuato il pagamento.Al termine del percorso, è possibile ricevere l’Attestato di Frequenza, come CORSO PER IMPIEGATO CONTABILE, previo svolgimento del test di valutazione.A chi è rivolto questo corso:l corso è destinato a chiunque necessiti di sviluppare nuove competenze nell’ambito e di approcciarsi in maniera pratica al lavoro di Impiegata/o Contabile.Mostra di piùMostra meno","","Ultimo aggiornamento 7/2019",""
"1611405622-4076","https://www.udemy.com/courses/finance-and-accounting/?lang=it&p=1&sort=newest&subcategory=Finance&subcategory=Accounting+%26+Bookkeeping","Ottieni prodotti Amazon completamente gratis, corso pratico","","","","","null",""
"1611405651-4087","https://www.udemy.com/courses/finance-and-accounting/?lang=it&p=1&sort=newest&subcategory=Finance&subcategory=Accounting+%26+Bookkeeping","","Ottieni prodotti Amazon completamente gratis, corso praticoCorso che ti insegnerà come ottenere migliaia di prodotti Amazon Prime in maniera del tutto gratuita! Successo garantitoEcualotto Software e Video, Massimiliano AlfieriValutazione: 4,7 su 54,7(306)4 ore totali20 lezioniTutti i livelliPrezzo attuale44,99 €Best seller","https://www.udemy.com/course/ottieni-prodotti-amazon-completamente-gratis-corso-pratico/","","Massimiliano Alfieri","Ultimo aggiornamento 11/2020",""
"1611405614-4062","https://www.udemy.com/courses/finance-and-accounting/?lang=it&p=2&sort=newest&subcategory=Finance&subcategory=Accounting+%26+Bookkeeping","","La costruzione del budget di una proposta comunitariaUna Guida semplice e strutturata alla costruzione del budget di una proposta comunitaria con un esempio praticoRaniero ChelliValutazione: 4,7 su 54,7(2)1 ora totale5 lezioniIntermedio","https://www.udemy.com/course/la-costruzione-del-budget-di-una-proposta-comunitaria/","","","Ultimo aggiornamento 2/2015","Cosa impareraiAl termine del corso i partecipanti avranno acquisito le conoscenze di base per elaborare in autonomia il budget di un progetto comunitario con particolare riferimento al programma Horizon 2020"
"1611405622-4065","https://www.udemy.com/courses/finance-and-accounting/?lang=it&p=1&sort=newest&subcategory=Finance&subcategory=Accounting+%26+Bookkeeping","Guida alla lettura dei bilanci","","","","","null",""
"1611405784-4125","https://www.udemy.com/courses/finance-and-accounting/?lang=it&p=1&sort=newest&subcategory=Finance&subcategory=Accounting+%26+Bookkeeping","","Corso completo sul risparmio efficace con CertificatoImpara a gestire e far fruttare le tue finanze!Ilaria PolisinoValutazione: 5,0 su 55,0(2)1,5 ore totali20 lezioniPrincipiantePrezzo attuale119,99 €Nuovo","https://www.udemy.com/course/corso-completo-sul-risparmio-efficace-con-certificato/","DescrizioneScopriamo insieme le basi della finanza personale e tutto ciò che non ci hanno insegnato a scuola sul denaro!L'Italia è uno degli ultimi paesi in Europa per cultura e intelligenza finanziaria. E' un vero peccato considerato che gli italiani sono da sempre un popolo di grandi risparmiatori. Eppure, oggi, tre giovani su sei si ritrovano senza alcun risparmio su cui contare. Questo è il terribile risultato di una totale assenza di istruzione finanziaria nel sistema scolastico ed accademico.Partiremo dalle basi, affrontando la filosofia legata alla moneta e la sua potenzialità psicologica come moneta di scambio, così come i pregiudizi e credenze limitanti che ostacolano il nostro raggiungimento della ricchezza.Vedremo come riportare le spese, come catalogarle, come scegliere quali è meglio tagliare di netto oppure ridurre gradualmente. Quante volte hai lasciato perdere un obiettivo perchè ti sembrava troppo complicato da raggiungere? In questo corso vedremo insieme come creare degli obiettivi concreti e come calendarizzare la realizzazione, passo dopo passo, anche di progetti molto costosi.Ho inserito inoltre dei contenuti che spiegano i vantaggi che possono darci le applicazioni che scarichiamo sul telefono: tante app utili per la rendicontazione giornaliera e mensile e diverse opportunità per monetizzare attraverso semplici software scaricabili sia su mobile che pc.Non sono stati volutamente affrontati ragionamenti sugli investimenti troppo complicati, non ci sono grafici nè formule difficili per comprendere l'arte del risparmio.Inoltre, dal momento che si tratta di un corso di risparmio e finanza personale, ho inserito dei file scaricabili completamente GRATUITI che potete utilizzare per rendicontare le vostre spese e progetti di breve, medio e lungo termine semplicemente stampando il file! Così non dovrete più spendere cifre esagerate in cartoleria per avere i vostri planner!A chi è rivolto questo corso:RisparmiatoriLiberi professionistiMostra di piùMostra meno","","Pubblicato 1/2021",""
"1611405622-4072","https://www.udemy.com/courses/finance-and-accounting/?lang=it&p=1&sort=newest&subcategory=Finance&subcategory=Accounting+%26+Bookkeeping","Trading Online: Corso Completo","","","","","null",""
"1611405708-4103","https://www.udemy.com/courses/finance-and-accounting/?lang=it&p=1&sort=newest&subcategory=Finance&subcategory=Accounting+%26+Bookkeeping","","Trading sulle materie prime come i grandi Hedge FundL'utilizzo di un Vantaggio Statistico per ricavare profitto sul trading con le materie primeAlessio BattaglieroValutazione: 3,0 su 53,0(1)5,5 ore totali27 lezioniIntermedioPrezzo attuale29,99 €","https://www.udemy.com/course/trading-sulle-materie-prime-come-i-grandi-hedge-fund/","","","Ultimo aggiornamento 4/2020","Cosa impareraiFare trading sulle materie prime come i maggiori EdgeFound"
"1611405633-4081","https://www.udemy.com/courses/finance-and-accounting/?lang=it&p=1&sort=newest&subcategory=Finance&subcategory=Accounting+%26+Bookkeeping","","Diventa Impiegato/a Amministrativo/a: Basi di ContabilitàContabilità e BilancioAdd SkillsValutazione: 3,6 su 53,6(79)2,5 ore totali15 lezioniPrincipiantePrezzo attuale29,99 €","https://www.udemy.com/course/diventa-impiegatoa-amministrativoa-basi-di-contabilita/","","","Ultimo aggiornamento 7/2019","Cosa impareraiFamiliarizzare con i principali libri contabili;Ad assolvere gli adempimenti fiscali;Ad utilizzare la logica delle scritture contabili in funzione alle esigenze di bilancio;Ad effettuare le scritture relative ad acquisti, vendite, costi di personale, investimenti, finanziamenti ed operazioni sul capitale;Ad emettere fatture e documentazione di trasporto;Ad inserire nuovi clienti o nuovi fornitori nel database di un azienda."
"1611405674-4092","https://www.udemy.com/courses/finance-and-accounting/?lang=it&p=1&sort=newest&subcategory=Finance&subcategory=Accounting+%26+Bookkeeping","","Fatturazione elettronica:  Fatture in cloud e Fattura24Integrazioni con Wordpress ed altri serviziRoberto SantoliValutazione: 3,0 su 53,0(3)1,5 ore totali11 lezioniTutti i livelliPrezzo attuale19,99 €","https://www.udemy.com/course/fatturazione-elettronica-fatture-in-cloud-fattura24/","Descrizione*********** Aggiornamenti di dicembre 2020 ***********- Aggiunta una lezione: Versione 3. Nuovi prezzi e consigli su esportazione archivi. Nella sezione: Fattura24
----------------------------------------------------------------------------------------
Alcuni argomenti del corso:
Uso completo di Fatture in cloud nell'abbonamento StandardUso completo di Fattura 24 nell'abbonamento EnterprisePanoramica di Fatture e Corrispettivi dell'Agenzia delle EntrateIntegrazione dei servizi con Wordpress ed altri software e servizi esterni
Tutte le lezioni saranno passo passo e pratiche. 
All'interno del corso mostrerò software basati esclusivamente su sistemi Windows. Non vi saranno quiz od altre prove. L'importante per me è vedere i vostri progressi attraverso i vostri progetti, se vorrete mostrarmeli.Con una cadenza non fissa aggiungerò nuove lezioni video od altre risorse testuali e multimediali. A chi è rivolto questo corso:Liberi professionistiAziendeMostra di piùMostra meno","","Ultimo aggiornamento 12/2020",""
"1611405622-4077","https://www.udemy.com/courses/finance-and-accounting/?lang=it&p=1&sort=newest&subcategory=Finance&subcategory=Accounting+%26+Bookkeeping","Corso per Impiegato Contabile","","","","","null",""
"1611405622-4070","https://www.udemy.com/courses/finance-and-accounting/?lang=it&p=1&sort=newest&subcategory=Finance&subcategory=Accounting+%26+Bookkeeping","Addomesticare le Proprie Finanze","","","","","null",""
"1611405674-4093","https://www.udemy.com/courses/finance-and-accounting/?lang=it&p=1&sort=newest&subcategory=Finance&subcategory=Accounting+%26+Bookkeeping","","Fatturazione elettronica:  Fatture in cloud e Fattura24Integrazioni con Wordpress ed altri serviziRoberto SantoliValutazione: 3,0 su 53,0(3)1,5 ore totali11 lezioniTutti i livelliPrezzo attuale19,99 €","https://www.udemy.com/course/fatturazione-elettronica-fatture-in-cloud-fattura24/","","Roberto Santoli","Ultimo aggiornamento 12/2020",""
"1611405674-4094","https://www.udemy.com/courses/finance-and-accounting/?lang=it&p=1&sort=newest&subcategory=Finance&subcategory=Accounting+%26+Bookkeeping","","Fatturazione elettronica:  Fatture in cloud e Fattura24Integrazioni con Wordpress ed altri serviziRoberto SantoliValutazione: 3,0 su 53,0(3)1,5 ore totali11 lezioniTutti i livelliPrezzo attuale19,99 €","https://www.udemy.com/course/fatturazione-elettronica-fatture-in-cloud-fattura24/","","","Ultimo aggiornamento 12/2020","Cosa impareraiUso completo dell'abbonamento Standard i Fatture in cloudUso completo dell'abbonamento Enterprise di Fattura24Integrazione con CMS e servizi di terze partiFatturazione e Conservazione all'Agenzia delle Entrate"
"1611405622-4078","https://www.udemy.com/courses/finance-and-accounting/?lang=it&p=1&sort=newest&subcategory=Finance&subcategory=Accounting+%26+Bookkeeping","Diventa Impiegato/a Amministrativo/a: Basi di Contabilità","","","","","null",""
"1611405740-4114","https://www.udemy.com/courses/finance-and-accounting/?lang=it&p=1&sort=newest&subcategory=Finance&subcategory=Accounting+%26+Bookkeeping","","Il Piano PensioneIn pensione a 40 anni è possibile... e matematico!Gianluca SidotiValutazione: 4,8 su 54,8(14)3,5 ore totali14 lezioniTutti i livelliPrezzo attuale49,99 €","https://www.udemy.com/course/il-piano-pensione/","","Gianluca Sidoti","Ultimo aggiornamento 9/2020",""
"1611405784-4127","https://www.udemy.com/courses/finance-and-accounting/?lang=it&p=1&sort=newest&subcategory=Finance&subcategory=Accounting+%26+Bookkeeping","","Corso completo sul risparmio efficace con CertificatoImpara a gestire e far fruttare le tue finanze!Ilaria PolisinoValutazione: 5,0 su 55,0(2)1,5 ore totali20 lezioniPrincipiantePrezzo attuale119,99 €Nuovo","https://www.udemy.com/course/corso-completo-sul-risparmio-efficace-con-certificato/","","","Pubblicato 1/2021","Cosa impareraiGestire i risparmiOttimizzare le speseRendicontare ed organizzare ricavi e spesePianificare un conto risparmioRisparmiare nella vita di tutti i giorniTrovare sconti ed offerteAumentare le fonti di reddito"
"1611405740-4113","https://www.udemy.com/courses/finance-and-accounting/?lang=it&p=1&sort=newest&subcategory=Finance&subcategory=Accounting+%26+Bookkeeping","","Il Piano PensioneIn pensione a 40 anni è possibile... e matematico!Gianluca SidotiValutazione: 4,8 su 54,8(14)3,5 ore totali14 lezioniTutti i livelliPrezzo attuale49,99 €","https://www.udemy.com/course/il-piano-pensione/","DescrizioneIn un epoca in cui i contributi versati dai più giovani servono a pagare gli assegni di chi è già in pensione, è il caso di ragionare su come funziona la pensione integrativa e capire se può fare al caso tuo. Soprattutto in un periodo incerto, come quello che stiamo vivendo a inizio 2020, la necessità di accantonare in vista del pensionamenta diventa sempre più pressante.Per questo l’appuntamento con la pensione integrativa non puó più aspettare? Basta dare uno sguardo al “Pensionometro” del Sole 24Ore per scoprire tra quanti anni potrai andare in pensione e iniziare a valutare l’ipotesi di una pensione privata o un investimento di lungo termine.In questo Corso proveremo a spiegarti perchè darti una pensione integrativa è cosi importante, quali ragionamenti devi mettere in atto prima di cominciare a investire, in un secondo momento vedremo insieme come funziona la previdenza complementare e quali sono le valutazioni da fare prima di aderire alla forma previdenziale che riteniamo migliore per noi. Dedicheremo anche una sezione alla pensione integrativa per i figli e i minori, un’opzione sempre più in voga tra le famiglie italiane.Perché è così importante farsi una pensione integrativa?Accedere a uno strumento pensionistico è fondamentale. Ma ogni età ha le sue esigenze e i motivi per cui è necessario costruirsi una posizione pensionistica variano. Capire quali sono le nostre esigenze è fondamentale per fare la scelta del servizio più adeguato.Pensione integrativa per gli under 40Quando di è lavoratori giovani o giovanissimi la necessità della pensione può sembrare meno immediata, perché si ha la prospettiva di crescere da un punto di vista di carriera e l’obiettivo sembra distante. In realtà accumulare attraverso un piano pensionistico è molto utile per due motivi principali:– L’investimento è vincolato alla pensione o a spese veramente necessarie e questo ci aiuta a destinarlo a necessità veramente importanti.– Man mano che si cresce da un punto di vista di carriera, la prospettiva del beneficio fiscale diventa sempre più attraente.Pensione integrativa a 40 anniIn questa fase ci si avvicina al picco della capacità lavorativa e di guadagno. Per questo è importante cominciare a ragionare su quelle che possono esssere le nostre prospettive pensionistiche: quando vogliamo andare in pensione? Risuciremo a mantenere il nostro stile di vita? L’obiettivo è qullo di ridurre il tasso di sostituzione (la differenza tra lo stupendio da lavoro e l’assegno pensionisti. Questi calcoli, prematuri in una fase precedente, diventano in questa fase molto attuali: a questa età c’è ancora moltissimo tempo per fare in modo che il piano pensionistico faccia la differenza.Pensione integrativa a 50 anno (o più)In molti si chiedono se abbia senso inziziare superati i 50 anni. La risposta è ovviamente positiva. Non solo ha senso pensare a una pensione integrativa anche a 55 anno o a 60 anni. Ricordiamoci che a 50 anni, probabilemnte, un lavoratore a di fronte la prospettiva di altri 20 anni di lavoro. In questa fase l’obiettivo è ottimizzare al massimo gli ultimi anni di carriera anche da un punto di vista fiscale, approfittando del beneficio garantito dall’investimento in una pensione integrativa.Cosa vuol dire pensione integrativa?Per aiutarti a capire come funziona la pensione complementare partiamo dal struttura previdenziale del nostro Paese. Il nostro sistema previdenziale è costituito dai seguenti tre pilastri:il primo pilastro è il sistema previdenziale pubblico obbligatorioil secondo pilastro è la previdenza complementare (fondi pensione chiusi)il terzo pilastro è la pensione privata o integrativa (Piani Individuali Pensionistici, Fondi pensione aperti o altri strumenti finanziari).Sul primo pilastro, non possiamo agire, ma possiamo farlo in parte sul secondo e il terzo. Per iniziare si deve fare attenzione alle differenze tra fondi aperti e fondi chiusi, per poi valutare strumenti alternativi come il Piano di accumulo di Capitale (PAC).I fondi pensione chiusiI fondi pensione chiusi sono un numero limitato di associazioni che sono di solito stabilite dai contratti collettivi di lavoro o istituiti dagli enti locali. La possibilità di accedervi è riservata solo a un numero limitato di persone come i lavoratori di una certa categoria o i residenti in in un certo territorio. Il limite di questi fondi è di solito la poca flessibilità.I fondi pensione apertiI fondi pensione aperti sono degli strumenti dedicati a tutti i lavoratori dipendenti o autonomi. Essi offrono qualche garanzia in più rispetto ai fondi pensione chiusi nel senso che si ha la possibilità di stabilire l’ammontare della quota che andrà destinata periodicamente al fondo. I lavoratori dipendenti possono decidere di destinare al fondo il proprio Tfr, i propri contributi previdenziali o quelli a carico del datore di lavoro, mentre i lavoratori autonomi possono decidere liberamente quanto destinare alla pensione integrativa.Piano individuale pensionisticoIl piano individuale pensionistico è un particolare tipo di fondo pensione sotto forma di assicurazione sulla vita. Il contratto per il Pip è standard, ciò che principalmente va a cambiare da un provider all’altro sono i costi, oltre che, con un impotenza minore, la strategia di investimento.Tutti i tipi fondi pensione investono quanto versato in altri strumenti finanziari (fondi comuni o Etf). Le strategie di investimento possono essere molto varie ma di solito sono estremamente prudenti e improntate al lungo termine. Al raggiungimento dell’età pensione, quanto maturato dal fondo verrà erogato sotto forma di una rendita che andrà a integrare la pensione. Esiste anche la possibilità di ritirare immediatamente il 50%. Infine se la rendita derivante dal capitale maturato è inferiore al 50% della pensione sociale esiste la possibilità di ritirare tutto il maturato al momento della pensione. I versamenti per PIP e i Fondi pensione sono deducibili ai fini Irpef fino a un importo massimo annuo di € 5.164,57.Piano di Accumulo CapitaleUn’alternativa agli strumenti pensionistici canonici può essere quella di iniziare un Piano di accumulo. Il piano di accumulo è un sistema per investire in fondi o Etf attraverso versamenti periodici. Non si tratta di uno strumento dedicato al previdenza complementare, ma può essere però utilizzato come un’integrazione alla pensione privata. Il vantaggio del piano di accumulo è la totale flessibilità: si può ritirare il proprio investimento, interrompere i versamenti, e godere del capitale investito in ogni momento. Il Piano di Accumulo, pur non godendo dei vantaggi fiscali dei fondi, si configura quindi come una soluzione estremamente vantaggiosa per chi si fosse mosso in ritardo per integrare la pensione e esse un orizzonte temporale di 10-15 anni, per chi desiderasse mantenere controllo totale sul proprio capitale, oppure per chi già stesse utilizzando gli strumenti propri della previdenza integrativa e volesse integrare un ulteriore strumento di risparmio a lungo termine.Quando fare una pensione integrativa?Ovviamente prima si inizia, più vantaggi si avranno. Ma non è mai troppo tardi per integrare la propria pensione. Se il tuo orizzonte temporale e dai 10 ai 15 anni forse la flessibilità del Piano di Accumulo è ciò che fa per te.Tuttavia, se in TraDetector abbiamo creato un piano di accumulo in ETF, accessibile a tutti grazie a versamenti mensili a partire da 25 euro/mese, è perché siamo convinti che, per la sua flessibilità e i costi ridotti, e in generale la sua efficienza anche sul piano dei rendimenti, possa rappresentare una valida alternativa a Fondi pensione e PIP. Con il nostro piano di accumulo in ETF non esistono costi di entrata né di uscita e, rispetto alle soluzioni di previdenza integrativa al momento disponibili, il contribuente detiene il pieno controllo sui propri soldi dal momento che può disinvestire quando vuole senza sottostare a scadenze o pagare penali.A chi è rivolto questo corso:Lavoratori dipendenti e liberi professionistiStudenti e giovani lavoratoriGenitori che vogliono creare Piani di Accumulo per i propri figliMostra di piùMostra meno","","Ultimo aggiornamento 9/2020",""
"1611405633-4079","https://www.udemy.com/courses/finance-and-accounting/?lang=it&p=1&sort=newest&subcategory=Finance&subcategory=Accounting+%26+Bookkeeping","","Diventa Impiegato/a Amministrativo/a: Basi di ContabilitàContabilità e BilancioAdd SkillsValutazione: 3,6 su 53,6(79)2,5 ore totali15 lezioniPrincipiantePrezzo attuale29,99 €","https://www.udemy.com/course/diventa-impiegatoa-amministrativoa-basi-di-contabilita/","DescrizioneIl corso Diventa Impiegato/a Amministrativo/a: Basi di Contabilità, si pone l’obiettivo di fornire le basi teoriche e pratiche per lavorare nell’amministrazione contabile aziendale. Conoscerai i principali libri contabili, saprai inserire nuovi clienti e nuovi fornitori nel database di un azienda ed emettere fatture o documentazione di trasporto.Il corso è strutturato in 4 Sezioni, ognuna composta da: -video-lezioni esplicative;-riassunti in formato pdf scaricabili e stampabili;-4 test di valutazione, per quantificare il livello di apprendimento e comprensione dei contenuti appena affrontati.L’allievo potrà seguire comodamente i filmati dal proprio PC o ascoltarli su qualsiasi riproduttore audio.I video sono inoltre visibili tramite il nostro sito senza scadenza, mentre tutto il resto del materiale comprese le lezioni audio sono interamente visibili durante le lezioni, il tutto una volta effettuato il pagamento.Al termine del percorso, è possibile ricevere l’Attestato di Frequenza, come CORSO DIVENTA IMPIEGATA AMMINISTRATIVA: BASI DI CONTABILITA'.A chi è rivolto questo corso:Il Corso è rivolto a tutti coloro intendano ampliare le proprie competenze nell’ambito dell’amministrazione contabile aziendale.Mostra di piùMostra meno","","Ultimo aggiornamento 7/2019",""
"1611405776-4122","https://www.udemy.com/courses/finance-and-accounting/?lang=it&p=1&sort=newest&subcategory=Finance&subcategory=Accounting+%26+Bookkeeping","","Investire in Borsa-Prendi in mano il tuo futuro finanziarioCome investire in borsa con sicurezza e alti rendimentiMatteo RocchiValutazione: 4,3 su 54,3(26)6,5 ore totali54 lezioniTutti i livelliPrezzo attuale129,99 €Nuovo e in evidenza","https://www.udemy.com/course/investire-in-borsa-prendi-in-mano-il-tuo-futuro-finanziario/","DescrizioneNell’era dell informazione l’ignoranza è una scelta. E tu? Come stai gestendo i tuoi risparmi?Sono Matteo Rocchi Ti propongo di fare chiarezza, avere tu, le informazioni giuste, per scegliere l’investimento giusto per te-Posso darti tutte le competenze per diventare un investitore. Padroneggiare il mercato, smetterla di vivere un sentimento di ansia verso il denaro, ma solo di positività-Comprendere come si sta evolvendo il mondo ed evitare che qualche truffaldino faccia troppo il suo interesse e non il tuo.-Essere consapevole per gestire le tue spese e aumentare le tue entrate-Ottenere una mentalità vincente verso i tuoi investimenti-Guardare e comprendere i mercati con serenità e sicurezza, sfruttando la leva degli interessi e i trucchi dei migliori investitori del mondo-Ottenere la tua indipendenza finanziaria che è conseguenza del tuo mindset
Raggiungere un’autentica libertà finanziaria non è complicato. Ma fino a oggi, solo i professionisti più esperti hanno avuto accesso alle giuste informazioni e alle corrette strategie.Grazie a ricerche approfondite, anni di studio sul campo , ho raccolto i 100 migliori libri di finanza, crescita personale, psicologia e li ho racchiusi in questo corso! Ti spiegherò passo per passo i sette semplici passi che chiunque può seguire per assumere il pieno controllo del proprio futuro finanziario.Questo corso ti aiuterà ad approfittare di opportunità che altrimenti ti saresti lasciato sfuggire e ti impedirà di commettere gli stessi errori che milioni di persone fanno ogni giorno. Una strada semplice e collaudata verso la libertà finanziaria.Con un linguaggio chiaro, semplici e comprensibili ti spiegherò anche i concetti più complessi! qualunque sia la tua estrazione, il tuo reddito, verso la sicurezza finanziaria, sfatando i miti più diffusi e dando consigli concreti per far fruttare al meglio i propri risparmi.

A chi è rivolto questo corso:Persone che vogliono ottenere maggiore libertà finanziariaMostra di piùMostra meno","","Ultimo aggiornamento 1/2021",""
"1611405622-4067","https://www.udemy.com/courses/finance-and-accounting/?lang=it&p=1&sort=newest&subcategory=Finance&subcategory=Accounting+%26+Bookkeeping","Il Piano Pensione","","","","","null",""
"1611405651-4086","https://www.udemy.com/courses/finance-and-accounting/?lang=it&p=1&sort=newest&subcategory=Finance&subcategory=Accounting+%26+Bookkeeping","","Ottieni prodotti Amazon completamente gratis, corso praticoCorso che ti insegnerà come ottenere migliaia di prodotti Amazon Prime in maniera del tutto gratuita! Successo garantitoEcualotto Software e Video, Massimiliano AlfieriValutazione: 4,7 su 54,7(306)4 ore totali20 lezioniTutti i livelliPrezzo attuale44,99 €Best seller","https://www.udemy.com/course/ottieni-prodotti-amazon-completamente-gratis-corso-pratico/","","Ecualotto Software e Video","Ultimo aggiornamento 11/2020",""
"1611405731-4109","https://www.udemy.com/courses/finance-and-accounting/?lang=it&p=1&sort=newest&subcategory=Finance&subcategory=Accounting+%26+Bookkeeping","","Come GUADAGNARE BITCOIN o BAT GRATIS: Corso Completo ITAGuadagna e Proteggiti Da Tracker, Script e Logger Mentre Navighi Su Internet. Risparmia Anche Batteria In AutomaticoVideoRipetizioni | Leonardo Ok ™Valutazione: 4,5 su 54,5(36)2 ore totali26 lezioniTutti i livelliPrezzo attuale129,99 €","https://www.udemy.com/course/guadagna-con-brave-browser-corso-completo-in-italiano-videoripetizioni/","","","Ultimo aggiornamento 12/2020","Cosa impareraiGuadagni Automatici Durante La NavigazioneUn Nuovo Modo Di Vivere InternetSarai Protetto Da Script, Tracker & Data CollectionAbbasserai Il Consumo Batteria Del Tuo Dispositivo"
"1611405752-4117","https://www.udemy.com/courses/finance-and-accounting/?lang=it&p=1&sort=newest&subcategory=Finance&subcategory=Accounting+%26+Bookkeeping","","Corso sull'IVA - BASEImpara a conoscere tutti i dettagli dell'IVA!Add SkillsValutazione: 4,5 su 54,5(4)3 ore totali15 lezioniPrincipiantePrezzo attuale39,99 €","https://www.udemy.com/course/corso-sulliva-base/","","Add Skills","Ultimo aggiornamento 11/2020",""
"1611405622-4066","https://www.udemy.com/courses/finance-and-accounting/?lang=it&p=1&sort=newest&subcategory=Finance&subcategory=Accounting+%26+Bookkeeping","Corso sull'IVA - BASE","","","","","null",""
"1611405776-4123","https://www.udemy.com/courses/finance-and-accounting/?lang=it&p=1&sort=newest&subcategory=Finance&subcategory=Accounting+%26+Bookkeeping","","Investire in Borsa-Prendi in mano il tuo futuro finanziarioCome investire in borsa con sicurezza e alti rendimentiMatteo RocchiValutazione: 4,3 su 54,3(26)6,5 ore totali54 lezioniTutti i livelliPrezzo attuale129,99 €Nuovo e in evidenza","https://www.udemy.com/course/investire-in-borsa-prendi-in-mano-il-tuo-futuro-finanziario/","","Matteo Rocchi","Ultimo aggiornamento 1/2021",""
"1611405622-4075","https://www.udemy.com/courses/finance-and-accounting/?lang=it&p=1&sort=newest&subcategory=Finance&subcategory=Accounting+%26+Bookkeeping","Leggere e Analizzare un Bilancio","","","","","null",""
"1611405740-4115","https://www.udemy.com/courses/finance-and-accounting/?lang=it&p=1&sort=newest&subcategory=Finance&subcategory=Accounting+%26+Bookkeeping","","Il Piano PensioneIn pensione a 40 anni è possibile... e matematico!Gianluca SidotiValutazione: 4,8 su 54,8(14)3,5 ore totali14 lezioniTutti i livelliPrezzo attuale49,99 €","https://www.udemy.com/course/il-piano-pensione/","","","Ultimo aggiornamento 9/2020","Cosa impareraiPerchè affidarsi all'INPS non è più sufficienteI costi (e i mancati guadagni) dei Piani Pensione StataliLe alternative all'assistenzialismo stataleCome scegliere i migliori fondi per il tuo Piano di AccumuloTempistiche, rendimenti, rischiI migliori e i peggiori Fondi Pensione Individuali e Collettivi"
"1611405737-4112","https://www.udemy.com/courses/finance-and-accounting/?lang=it&p=1&sort=newest&subcategory=Finance&subcategory=Accounting+%26+Bookkeeping","","Excel per la FinanzaAnalizza strumenti finanziari e crea il tuo portafoglio Azionario efficiente con ExcelGianluca PontoniValutazione: 4,5 su 54,5(44)3 ore totali26 lezioniPrincipiantePrezzo attuale39,99 €","https://www.udemy.com/course/excel-per-la-finanza/","","","Ultimo aggiornamento 12/2020","Cosa impareraiAd utilizzare le principali funzioni di Excel per applicazioni finanziarieCalcolare la rischiosità di un titolo e di portafoglio, il Beta, la correlazione fra due titoli e molto altroCreare un portafoglio Azionario efficiente secondo la teoria di MarkowitzAnalizzare titoli Obbligazionari: Duration, Duration Modificata e TRESCalcolare la probabilità dei prezzi azionari futuriCostruire il programma più adatto alle proprie esigenze di analisi"
"1611405645-4084","https://www.udemy.com/courses/finance-and-accounting/?lang=it&p=1&sort=newest&subcategory=Finance&subcategory=Accounting+%26+Bookkeeping","","Corso per Impiegato ContabileBasi pratiche con il gestionale SimplyFattAdd SkillsValutazione: 3,0 su 53,0(28)2 ore totali5 lezioniPrincipiantePrezzo attuale29,99 €","https://www.udemy.com/course/corso-per-impiegato-contabile/","","","Ultimo aggiornamento 7/2019","Cosa impareraiAd utilizzare il gestionale SimplyFatt;Emettere Fatture e Documentazione di Trasporto;Inserire nuovi clienti e nuovi fornitori nell'applicativo aziendale;Gestire le scritture in Partita Doppia;Tenere il Bilancio d'Esercizio."
"1611405719-4106","https://www.udemy.com/courses/finance-and-accounting/?lang=it&p=1&sort=newest&subcategory=Finance&subcategory=Accounting+%26+Bookkeeping","","Addomesticare le Proprie FinanzeCome sono passato da squattrinato a risparmiatore seriale.Salvatore PapaleValutazione: 3,9 su 53,9(13)3 ore totali41 lezioniPrincipiantePrezzo attuale99,99 €","https://www.udemy.com/course/addomesticare-le-proprie-finanze/","","","Ultimo aggiornamento 10/2020","Cosa impareraiRisparmiare ogni meseAvere indipendenza economicaAvere dei soldi per le vacanzeGestire meglio la propria vitaPrevedere le spese e non farsi trovare impreparatiDiventare un buon risparmiatore anche quando si hanno poche risorseFinanza personale - Come gestirlaRisparmio - Come mettere da parte una cifra ogni meseAccantonare somme per le emergenzeCapire dove vanno a finire tutti i tuoi guadagniCosa ti impedisce di risparmiareImparare a pensare come un riccoSmettere di pensare come un poveroFinancial FreedomCapire gli strumenti di gestione e della programmazione delle speseLa vera differenza tra ricchi e poveriMostra di piùMostra meno"
"1611405662-4090","https://www.udemy.com/courses/finance-and-accounting/?lang=it&p=1&sort=newest&subcategory=Finance&subcategory=Accounting+%26+Bookkeeping","","Leggere e Analizzare un BilancioImpara a leggere e analizzare un bilancio per valutare la solidità di un'aziendaGianluca SidotiValutazione: 3,7 su 53,7(119)3,5 ore totali17 lezioniTutti i livelliPrezzo attuale49,99 €","https://www.udemy.com/course/lettura-e-analisi-di-bilancio/","","Gianluca Sidoti","Ultimo aggiornamento 11/2020",""
"1611405633-4080","https://www.udemy.com/courses/finance-and-accounting/?lang=it&p=1&sort=newest&subcategory=Finance&subcategory=Accounting+%26+Bookkeeping","","Diventa Impiegato/a Amministrativo/a: Basi di ContabilitàContabilità e BilancioAdd SkillsValutazione: 3,6 su 53,6(79)2,5 ore totali15 lezioniPrincipiantePrezzo attuale29,99 €","https://www.udemy.com/course/diventa-impiegatoa-amministrativoa-basi-di-contabilita/","","Add Skills","Ultimo aggiornamento 7/2019",""
